a,b,metric,score_a,score_b,delta,ci_low,ci_high,p_b_not_better
B2,B3,macro_f1,0.670920216842542,0.6647426535513666,-0.006177563291175359,-0.01468430247796874,0.0015950317796008656,0.9345
B2,B3,temp_f1,0.38349514563106796,0.37222222222222223,-0.011272923408845725,-0.055618034014731206,0.03153766922459398,0.7035
B2,B3,samples_f1,0.7482452844367622,0.7428279184723158,-0.005417365964446419,-0.010862651023728928,4.2533782821494965e-05,0.974
B2,B3,hamming_loss,0.06498334210064878,0.06415921444853584,0.0008241276521129409,-0.0004380700504527296,0.00205789810630738,0.0965
B2_fixed0.5,B2,macro_f1,0.664413587420387,0.670920216842542,0.006506629422154964,3.0155690359909303e-05,0.013250391126959029,0.0245
B2_fixed0.5,B2,temp_f1,0.3700440528634361,0.38349514563106796,0.013451092767631845,-0.0170264799877057,0.0418020358482339,0.1715
B2_fixed0.5,B2,samples_f1,0.7235172799612563,0.7482452844367622,0.024728004475505938,0.019719445583326695,0.0298443092046986,0.0
B2_fixed0.5,B2,hamming_loss,0.06827985270910054,0.06498334210064878,0.0032965106084517637,0.0021677832204773763,0.004427740761709921,0.0
B2,B2_margin,macro_f1,0.670920216842542,0.6729583475478588,0.0020381307053167763,-0.0018901427145954967,0.006168973936583496,0.1675
B2,B2_margin,temp_f1,0.38349514563106796,0.40097799511002447,0.017482849478956508,-0.007331998888303065,0.04516163425177316,0.088
B2,B2_margin,samples_f1,0.7482452844367622,0.7497065036780971,0.00146121924133491,-0.0017550094564313724,0.004550267341798464,0.1825
B2,B2_margin,hamming_loss,0.06498334210064878,0.0646326494827284,0.0003506926179203812,-0.0003149771980764479,0.000983845609476242,0.152
