experiment,eval_set,label,precision,recall,f1,pr_auc,support
B0_all_zeros,cv_oof,crec,0.0,0.0,0.0,0.09013,514
B0_all_zeros,cv_oof,cred,0.0,0.0,0.0,0.06418,366
B0_all_zeros,cv_oof,equ,0.0,0.0,0.0,0.29616,1689
B0_all_zeros,cv_oof,inic,0.0,0.0,0.0,0.05646,322
B0_all_zeros,cv_oof,inv,0.0,0.0,0.0,0.34648,1976
B0_all_zeros,cv_oof,mkt,0.0,0.0,0.0,0.04857,277
B0_all_zeros,cv_oof,no,0.0,0.0,0.0,0.06575,375
B0_all_zeros,cv_oof,renta,0.0,0.0,0.0,0.11538,658
B0_all_zeros,cv_oof,sueldo,0.0,0.0,0.0,0.03209,183
B0_all_zeros,cv_oof,temp,0.0,0.0,0.0,0.02823,161
B1_most_frequent,cv_oof,crec,0.0,0.0,0.0,0.08915,514
B1_most_frequent,cv_oof,cred,0.0,0.0,0.0,0.06286,366
B1_most_frequent,cv_oof,equ,0.0,0.0,0.0,0.29455,1689
B1_most_frequent,cv_oof,inic,0.0,0.0,0.0,0.05574,322
B1_most_frequent,cv_oof,inv,0.34648,1.0,0.51465,0.344,1976
B1_most_frequent,cv_oof,mkt,0.0,0.0,0.0,0.04834,277
B1_most_frequent,cv_oof,no,0.0,0.0,0.0,0.06517,375
B1_most_frequent,cv_oof,renta,0.0,0.0,0.0,0.11409,658
B1_most_frequent,cv_oof,sueldo,0.0,0.0,0.0,0.03154,183
B1_most_frequent,cv_oof,temp,0.0,0.0,0.0,0.0276,161
B2_tfidf_lr_br,cv_oof,crec,0.426,0.59922,0.49798,0.51276,514
B2_tfidf_lr_br,cv_oof,cred,0.71913,0.81148,0.76252,0.83078,366
B2_tfidf_lr_br,cv_oof,equ,0.80056,0.84369,0.82156,0.87534,1689
B2_tfidf_lr_br,cv_oof,inic,0.51414,0.62112,0.56259,0.60284,322
B2_tfidf_lr_br,cv_oof,inv,0.76213,0.88209,0.81773,0.88035,1976
B2_tfidf_lr_br,cv_oof,mkt,0.78425,0.82671,0.80492,0.8832,277
B2_tfidf_lr_br,cv_oof,no,0.68065,0.77867,0.72637,0.79721,375
B2_tfidf_lr_br,cv_oof,renta,0.61792,0.71277,0.66196,0.68431,658
B2_tfidf_lr_br,cv_oof,sueldo,0.62981,0.71585,0.67008,0.72052,183
B2_tfidf_lr_br,cv_oof,temp,0.31474,0.49068,0.3835,0.28561,161
B2_tfidf_lr_br__thr0.5_norules,cv_oof,crec,0.40722,0.63619,0.49658,0.51276,514
B2_tfidf_lr_br__thr0.5_norules,cv_oof,cred,0.6918,0.85246,0.76377,0.83078,366
B2_tfidf_lr_br__thr0.5_norules,cv_oof,equ,0.80217,0.83067,0.81617,0.87534,1689
B2_tfidf_lr_br__thr0.5_norules,cv_oof,inic,0.46121,0.6646,0.54453,0.60284,322
B2_tfidf_lr_br__thr0.5_norules,cv_oof,inv,0.79932,0.83451,0.81654,0.88035,1976
B2_tfidf_lr_br__thr0.5_norules,cv_oof,mkt,0.79655,0.83394,0.81481,0.8832,277
B2_tfidf_lr_br__thr0.5_norules,cv_oof,no,0.63907,0.80267,0.71158,0.79721,375
B2_tfidf_lr_br__thr0.5_norules,cv_oof,renta,0.57952,0.731,0.64651,0.68431,658
B2_tfidf_lr_br__thr0.5_norules,cv_oof,sueldo,0.57371,0.78689,0.66359,0.72052,183
B2_tfidf_lr_br__thr0.5_norules,cv_oof,temp,0.28669,0.52174,0.37004,0.28561,161
B2_tfidf_lr_br__tuned_norules,cv_oof,crec,0.44678,0.57977,0.50466,0.51276,514
B2_tfidf_lr_br__tuned_norules,cv_oof,cred,0.69903,0.78689,0.74036,0.83078,366
B2_tfidf_lr_br__tuned_norules,cv_oof,equ,0.80798,0.82712,0.81744,0.87534,1689
B2_tfidf_lr_br__tuned_norules,cv_oof,inic,0.53959,0.57143,0.55505,0.60284,322
B2_tfidf_lr_br__tuned_norules,cv_oof,inv,0.76608,0.88006,0.81912,0.88035,1976
B2_tfidf_lr_br__tuned_norules,cv_oof,mkt,0.78893,0.8231,0.80565,0.8832,277
B2_tfidf_lr_br__tuned_norules,cv_oof,no,0.73842,0.72267,0.73046,0.79721,375
B2_tfidf_lr_br__tuned_norules,cv_oof,renta,0.62432,0.69453,0.65755,0.68431,658
B2_tfidf_lr_br__tuned_norules,cv_oof,sueldo,0.62562,0.69399,0.65803,0.72052,183
B2_tfidf_lr_br__tuned_norules,cv_oof,temp,0.3125,0.46584,0.37406,0.28561,161
B2_tfidf_lr_br__tuned_atleastone,cv_oof,crec,0.42366,0.59922,0.49637,0.51276,514
B2_tfidf_lr_br__tuned_atleastone,cv_oof,cred,0.69535,0.81694,0.75126,0.83078,366
B2_tfidf_lr_br__tuned_atleastone,cv_oof,equ,0.7971,0.84665,0.82113,0.87534,1689
B2_tfidf_lr_br__tuned_atleastone,cv_oof,inic,0.50378,0.62112,0.55633,0.60284,322
B2_tfidf_lr_br__tuned_atleastone,cv_oof,inv,0.75957,0.88411,0.81712,0.88035,1976
B2_tfidf_lr_br__tuned_atleastone,cv_oof,mkt,0.78425,0.82671,0.80492,0.8832,277
B2_tfidf_lr_br__tuned_atleastone,cv_oof,no,0.68065,0.77867,0.72637,0.79721,375
B2_tfidf_lr_br__tuned_atleastone,cv_oof,renta,0.61111,0.71884,0.66061,0.68431,658
B2_tfidf_lr_br__tuned_atleastone,cv_oof,sueldo,0.62381,0.71585,0.66667,0.72052,183
B2_tfidf_lr_br__tuned_atleastone,cv_oof,temp,0.30739,0.49068,0.37799,0.28561,161
B2_tfidf_lr_br__tuned_noexclusive,cv_oof,crec,0.44947,0.57977,0.50637,0.51276,514
B2_tfidf_lr_br__tuned_noexclusive,cv_oof,cred,0.72405,0.78142,0.75164,0.83078,366
B2_tfidf_lr_br__tuned_noexclusive,cv_oof,equ,0.81166,0.82416,0.81786,0.87534,1689
B2_tfidf_lr_br__tuned_noexclusive,cv_oof,inic,0.55255,0.57143,0.56183,0.60284,322
B2_tfidf_lr_br__tuned_noexclusive,cv_oof,inv,0.76872,0.87804,0.81975,0.88035,1976
B2_tfidf_lr_br__tuned_noexclusive,cv_oof,mkt,0.78893,0.8231,0.80565,0.8832,277
B2_tfidf_lr_br__tuned_noexclusive,cv_oof,no,0.73842,0.72267,0.73046,0.79721,375
B2_tfidf_lr_br__tuned_noexclusive,cv_oof,renta,0.6318,0.68845,0.65891,0.68431,658
B2_tfidf_lr_br__tuned_noexclusive,cv_oof,sueldo,0.63184,0.69399,0.66146,0.72052,183
B2_tfidf_lr_br__tuned_noexclusive,cv_oof,temp,0.32051,0.46584,0.37975,0.28561,161
B3_tfidf_lr_chain,cv_oof,crec,0.42671,0.57198,0.48878,0.50903,514
B3_tfidf_lr_chain,cv_oof,cred,0.70335,0.80328,0.75,0.83473,366
B3_tfidf_lr_chain,cv_oof,equ,0.7907,0.84547,0.81717,0.87494,1689
B3_tfidf_lr_chain,cv_oof,inic,0.66516,0.45652,0.54144,0.58166,322
B3_tfidf_lr_chain,cv_oof,inv,0.74445,0.89929,0.81458,0.88035,1976
B3_tfidf_lr_chain,cv_oof,mkt,0.7774,0.81949,0.79789,0.88017,277
B3_tfidf_lr_chain,cv_oof,no,0.8109,0.67467,0.73654,0.78222,375
B3_tfidf_lr_chain,cv_oof,renta,0.59819,0.70365,0.64665,0.6874,658
B3_tfidf_lr_chain,cv_oof,sueldo,0.64706,0.72131,0.68217,0.7189,183
B3_tfidf_lr_chain,cv_oof,temp,0.33668,0.41615,0.37222,0.27319,161
B2_margin,cv_oof,crec,0.42736,0.58949,0.4955,0.51276,514
B2_margin,cv_oof,cred,0.72087,0.81148,0.7635,0.83078,366
B2_margin,cv_oof,equ,0.80056,0.84606,0.82268,0.87534,1689
B2_margin,cv_oof,inic,0.52703,0.60559,0.56358,0.60284,322
B2_margin,cv_oof,inv,0.74768,0.89524,0.81483,0.88035,1976
B2_margin,cv_oof,mkt,0.78157,0.82671,0.80351,0.8832,277
B2_margin,cv_oof,no,0.71717,0.75733,0.73671,0.79721,375
B2_margin,cv_oof,renta,0.62383,0.70821,0.66335,0.68431,658
B2_margin,cv_oof,sueldo,0.62927,0.70492,0.66495,0.72052,183
B2_margin,cv_oof,temp,0.33065,0.50932,0.40098,0.28561,161
E1_e5,cv_oof,crec,0.32482,0.51946,0.3997,0.37837,514
E1_e5,cv_oof,cred,0.62232,0.79235,0.69712,0.77306,366
E1_e5,cv_oof,equ,0.72673,0.79988,0.76156,0.82986,1689
E1_e5,cv_oof,inic,0.37053,0.54658,0.44166,0.44952,322
E1_e5,cv_oof,inv,0.73593,0.79403,0.76388,0.82212,1976
E1_e5,cv_oof,mkt,0.68339,0.787,0.73154,0.77805,277
E1_e5,cv_oof,no,0.60043,0.74933,0.66667,0.76026,375
E1_e5,cv_oof,renta,0.44703,0.64134,0.52684,0.51113,658
E1_e5,cv_oof,sueldo,0.50201,0.68306,0.5787,0.58559,183
E1_e5,cv_oof,temp,0.17702,0.35404,0.23602,0.17801,161
E2_e5,cv_oof,crec,0.32925,0.52335,0.40421,0.37335,514
E2_e5,cv_oof,cred,0.63478,0.79781,0.70702,0.77343,366
E2_e5,cv_oof,equ,0.72392,0.80107,0.76054,0.83065,1689
E2_e5,cv_oof,inic,0.36998,0.54348,0.44025,0.45132,322
E2_e5,cv_oof,inv,0.73897,0.79656,0.76668,0.82229,1976
E2_e5,cv_oof,mkt,0.69182,0.79422,0.7395,0.77727,277
E2_e5,cv_oof,no,0.60475,0.74667,0.66826,0.76156,375
E2_e5,cv_oof,renta,0.44597,0.63982,0.52559,0.51314,658
E2_e5,cv_oof,sueldo,0.50199,0.68852,0.58065,0.59125,183
E2_e5,cv_oof,temp,0.18065,0.34783,0.23779,0.18047,161
E3_e5,cv_oof,crec,0.34958,0.48833,0.40747,0.37335,514
E3_e5,cv_oof,cred,0.70889,0.71858,0.7137,0.77343,366
E3_e5,cv_oof,equ,0.71923,0.82356,0.76787,0.83065,1689
E3_e5,cv_oof,inic,0.44125,0.52484,0.47943,0.45132,322
E3_e5,cv_oof,inv,0.72963,0.81123,0.76827,0.82229,1976
E3_e5,cv_oof,mkt,0.76952,0.74729,0.75824,0.77727,277
E3_e5,cv_oof,no,0.70229,0.736,0.71875,0.76156,375
E3_e5,cv_oof,renta,0.45316,0.63222,0.52792,0.51314,658
E3_e5,cv_oof,sueldo,0.65854,0.59016,0.62248,0.59125,183
E3_e5,cv_oof,temp,0.21525,0.29814,0.25,0.18047,161
E1_mpnet,cv_oof,crec,0.32763,0.55837,0.41295,0.39246,514
E1_mpnet,cv_oof,cred,0.59275,0.75956,0.66587,0.74414,366
E1_mpnet,cv_oof,equ,0.68457,0.77738,0.72803,0.7976,1689
E1_mpnet,cv_oof,inic,0.39087,0.6118,0.477,0.48528,322
E1_mpnet,cv_oof,inv,0.71495,0.77682,0.7446,0.80347,1976
E1_mpnet,cv_oof,mkt,0.64431,0.79783,0.7129,0.77756,277
E1_mpnet,cv_oof,no,0.62047,0.776,0.68957,0.77903,375
E1_mpnet,cv_oof,renta,0.44913,0.66413,0.53587,0.54654,658
E1_mpnet,cv_oof,sueldo,0.41132,0.59563,0.48661,0.49278,183
E1_mpnet,cv_oof,temp,0.22039,0.41615,0.28817,0.18816,161
E2_mpnet,cv_oof,crec,0.33333,0.55642,0.41691,0.39454,514
E2_mpnet,cv_oof,cred,0.58351,0.7541,0.65793,0.74474,366
E2_mpnet,cv_oof,equ,0.68854,0.78271,0.73261,0.79711,1689
E2_mpnet,cv_oof,inic,0.37773,0.59006,0.46061,0.49078,322
E2_mpnet,cv_oof,inv,0.71058,0.7753,0.74153,0.80179,1976
E2_mpnet,cv_oof,mkt,0.64244,0.79783,0.71176,0.77706,277
E2_mpnet,cv_oof,no,0.61845,0.78667,0.69249,0.77978,375
E2_mpnet,cv_oof,renta,0.45397,0.65957,0.53779,0.54519,658
E2_mpnet,cv_oof,sueldo,0.40977,0.59563,0.48552,0.49499,183
E2_mpnet,cv_oof,temp,0.22591,0.42236,0.29437,0.19553,161
E3_mpnet,cv_oof,crec,0.33098,0.54669,0.41233,0.39454,514
E3_mpnet,cv_oof,cred,0.68219,0.68033,0.68126,0.74474,366
E3_mpnet,cv_oof,equ,0.69674,0.77265,0.73273,0.79711,1689
E3_mpnet,cv_oof,inic,0.42893,0.53416,0.4758,0.49078,322
E3_mpnet,cv_oof,inv,0.69681,0.79555,0.74291,0.80179,1976
E3_mpnet,cv_oof,mkt,0.75368,0.74007,0.74681,0.77706,277
E3_mpnet,cv_oof,no,0.73046,0.72267,0.72654,0.77978,375
E3_mpnet,cv_oof,renta,0.47608,0.62006,0.53861,0.54519,658
E3_mpnet,cv_oof,sueldo,0.51269,0.55191,0.53158,0.49499,183
E3_mpnet,cv_oof,temp,0.23904,0.37267,0.29126,0.19553,161
B2_codebook,cv_oof,crec,0.4441,0.5642,0.497,0.51503,514
B2_codebook,cv_oof,cred,0.71537,0.77596,0.74443,0.82365,366
B2_codebook,cv_oof,equ,0.80241,0.82712,0.81458,0.87629,1689
B2_codebook,cv_oof,inic,0.54775,0.60559,0.57522,0.60569,322
B2_codebook,cv_oof,inv,0.77318,0.86083,0.81466,0.8771,1976
B2_codebook,cv_oof,mkt,0.76842,0.79061,0.77936,0.86739,277
B2_codebook,cv_oof,no,0.6659,0.776,0.71675,0.7955,375
B2_codebook,cv_oof,renta,0.60506,0.72644,0.66022,0.6781,658
B2_codebook,cv_oof,sueldo,0.63861,0.70492,0.67013,0.71923,183
B2_codebook,cv_oof,temp,0.30033,0.56522,0.39224,0.30437,161
B2_random_split,cv_oof_rowsplit,crec,0.45137,0.57782,0.50683,0.51251,514
B2_random_split,cv_oof_rowsplit,cred,0.71294,0.82787,0.76612,0.83336,366
B2_random_split,cv_oof_rowsplit,equ,0.79466,0.84547,0.81928,0.87755,1689
B2_random_split,cv_oof_rowsplit,inic,0.51429,0.61491,0.56011,0.59296,322
B2_random_split,cv_oof_rowsplit,inv,0.78161,0.86032,0.81908,0.88306,1976
B2_random_split,cv_oof_rowsplit,mkt,0.78896,0.87726,0.83077,0.89455,277
B2_random_split,cv_oof_rowsplit,no,0.70302,0.808,0.75186,0.80083,375
B2_random_split,cv_oof_rowsplit,renta,0.63636,0.71277,0.6724,0.6947,658
B2_random_split,cv_oof_rowsplit,sueldo,0.57642,0.72131,0.64078,0.70272,183
B2_random_split,cv_oof_rowsplit,temp,0.33582,0.55901,0.41958,0.30859,161
E1_e5_C0.01,cv_oof,crec,0.30204,0.71984,0.42553,0.50571,514
E1_e5_C0.01,cv_oof,cred,0.51482,0.90164,0.65541,0.85068,366
E1_e5_C0.01,cv_oof,equ,0.74346,0.8579,0.79659,0.8709,1689
E1_e5_C0.01,cv_oof,inic,0.2922,0.7795,0.42506,0.57514,322
E1_e5_C0.01,cv_oof,inv,0.75034,0.84868,0.79649,0.86247,1976
E1_e5_C0.01,cv_oof,mkt,0.5805,0.92419,0.71309,0.86847,277
E1_e5_C0.01,cv_oof,no,0.45902,0.896,0.60705,0.83609,375
E1_e5_C0.01,cv_oof,renta,0.45855,0.80699,0.5848,0.63734,658
E1_e5_C0.01,cv_oof,sueldo,0.35541,0.87978,0.50629,0.67631,183
E1_e5_C0.01,cv_oof,temp,0.17745,0.6646,0.2801,0.27956,161
E1_e5_C0.1,cv_oof,crec,0.33122,0.60895,0.42906,0.44438,514
E1_e5_C0.1,cv_oof,cred,0.63232,0.85519,0.72706,0.82395,366
E1_e5_C0.1,cv_oof,equ,0.74495,0.83008,0.78521,0.85175,1689
E1_e5_C0.1,cv_oof,inic,0.35739,0.63043,0.45618,0.50498,322
E1_e5_C0.1,cv_oof,inv,0.7447,0.81781,0.77955,0.84293,1976
E1_e5_C0.1,cv_oof,mkt,0.64835,0.85199,0.73635,0.82865,277
E1_e5_C0.1,cv_oof,no,0.57089,0.80533,0.66814,0.80396,375
E1_e5_C0.1,cv_oof,renta,0.46854,0.73556,0.57244,0.58569,658
E1_e5_C0.1,cv_oof,sueldo,0.5,0.77596,0.60814,0.65092,183
E1_e5_C0.1,cv_oof,temp,0.20479,0.47826,0.28678,0.21797,161
E1_e5_C1.0,cv_oof,crec,0.32482,0.51946,0.3997,0.37837,514
E1_e5_C1.0,cv_oof,cred,0.62232,0.79235,0.69712,0.77306,366
E1_e5_C1.0,cv_oof,equ,0.72673,0.79988,0.76156,0.82986,1689
E1_e5_C1.0,cv_oof,inic,0.37053,0.54658,0.44166,0.44952,322
E1_e5_C1.0,cv_oof,inv,0.73593,0.79403,0.76388,0.82212,1976
E1_e5_C1.0,cv_oof,mkt,0.68339,0.787,0.73154,0.77805,277
E1_e5_C1.0,cv_oof,no,0.60043,0.74933,0.66667,0.76026,375
E1_e5_C1.0,cv_oof,renta,0.44703,0.64134,0.52684,0.51113,658
E1_e5_C1.0,cv_oof,sueldo,0.50201,0.68306,0.5787,0.58559,183
E1_e5_C1.0,cv_oof,temp,0.17702,0.35404,0.23602,0.17801,161
E4_ft_head,cv_oof,crec,0.52105,0.57782,0.54797,0.58602,514
E4_ft_head,cv_oof,cred,0.78571,0.78142,0.78356,0.87557,366
E4_ft_head,cv_oof,equ,0.80067,0.85376,0.82636,0.89734,1689
E4_ft_head,cv_oof,inic,0.5905,0.61801,0.60395,0.67011,322
E4_ft_head,cv_oof,inv,0.78723,0.86134,0.82262,0.89574,1976
E4_ft_head,cv_oof,mkt,0.81063,0.88087,0.84429,0.90292,277
E4_ft_head,cv_oof,no,0.78771,0.752,0.76944,0.84818,375
E4_ft_head,cv_oof,renta,0.66713,0.72492,0.69483,0.73971,658
E4_ft_head,cv_oof,sueldo,0.66029,0.7541,0.70408,0.7696,183
E4_ft_head,cv_oof,temp,0.3431,0.50932,0.41,0.34854,161
E5_ft_emb_lr,cv_oof,crec,0.38913,0.52918,0.44847,0.3809,514
E5_ft_emb_lr,cv_oof,cred,0.76152,0.76776,0.76463,0.78454,366
E5_ft_emb_lr,cv_oof,equ,0.74496,0.80935,0.77582,0.8192,1689
E5_ft_emb_lr,cv_oof,inic,0.44548,0.59627,0.50996,0.47679,322
E5_ft_emb_lr,cv_oof,inv,0.75024,0.78897,0.76912,0.8203,1976
E5_ft_emb_lr,cv_oof,mkt,0.77551,0.8231,0.7986,0.80581,277
E5_ft_emb_lr,cv_oof,no,0.71355,0.744,0.72846,0.75749,375
E5_ft_emb_lr,cv_oof,renta,0.54909,0.68845,0.61092,0.58207,658
E5_ft_emb_lr,cv_oof,sueldo,0.60766,0.69399,0.64796,0.69419,183
E5_ft_emb_lr,cv_oof,temp,0.25271,0.43478,0.31963,0.20691,161
E6_hybrid_lr,cv_oof,crec,0.37532,0.56809,0.45201,0.38428,514
E6_hybrid_lr,cv_oof,cred,0.78736,0.74863,0.76751,0.79398,366
E6_hybrid_lr,cv_oof,equ,0.75236,0.80225,0.7765,0.82553,1689
E6_hybrid_lr,cv_oof,inic,0.51323,0.60248,0.55429,0.50124,322
E6_hybrid_lr,cv_oof,inv,0.72768,0.8249,0.77324,0.82669,1976
E6_hybrid_lr,cv_oof,mkt,0.77972,0.80505,0.79218,0.79719,277
E6_hybrid_lr,cv_oof,no,0.70603,0.74933,0.72704,0.78301,375
E6_hybrid_lr,cv_oof,renta,0.54132,0.68693,0.60549,0.59818,658
E6_hybrid_lr,cv_oof,sueldo,0.67347,0.72131,0.69657,0.71086,183
E6_hybrid_lr,cv_oof,temp,0.19312,0.45342,0.27087,0.2065,161
E7_hybrid_lgbm,cv_oof,crec,0.51923,0.57782,0.54696,0.5724,514
E7_hybrid_lgbm,cv_oof,cred,0.792,0.81148,0.80162,0.87467,366
E7_hybrid_lgbm,cv_oof,equ,0.80325,0.84843,0.82522,0.89745,1689
E7_hybrid_lgbm,cv_oof,inic,0.56576,0.70807,0.62897,0.68835,322
E7_hybrid_lgbm,cv_oof,inv,0.78824,0.86842,0.82639,0.90037,1976
E7_hybrid_lgbm,cv_oof,mkt,0.81724,0.8556,0.83598,0.89824,277
E7_hybrid_lgbm,cv_oof,no,0.80108,0.79467,0.79786,0.86353,375
E7_hybrid_lgbm,cv_oof,renta,0.66199,0.71733,0.68855,0.72522,658
E7_hybrid_lgbm,cv_oof,sueldo,0.67476,0.75956,0.71465,0.76156,183
E7_hybrid_lgbm,cv_oof,temp,0.28464,0.47205,0.35514,0.26716,161
E8_hierarchical,cv_oof,crec,0.49251,0.57588,0.53094,0.56262,514
E8_hierarchical,cv_oof,cred,0.7942,0.74863,0.77075,0.83671,366
E8_hierarchical,cv_oof,equ,0.80982,0.83955,0.82442,0.89151,1689
E8_hierarchical,cv_oof,inic,0.59012,0.63043,0.60961,0.6697,322
E8_hierarchical,cv_oof,inv,0.79631,0.85071,0.82261,0.8966,1976
E8_hierarchical,cv_oof,mkt,0.83451,0.8556,0.84492,0.87073,277
E8_hierarchical,cv_oof,no,0.74124,0.73333,0.73727,0.78301,375
E8_hierarchical,cv_oof,renta,0.6306,0.77052,0.69357,0.7147,658
E8_hierarchical,cv_oof,sueldo,0.66667,0.77596,0.71717,0.68947,183
E8_hierarchical,cv_oof,temp,0.34536,0.41615,0.37746,0.28122,161
E9_blend_B2_E7,cv_oof,crec,0.48357,0.60117,0.53599,0.57985,514
E9_blend_B2_E7,cv_oof,cred,0.7882,0.80328,0.79567,0.86579,366
E9_blend_B2_E7,cv_oof,equ,0.80769,0.8579,0.83204,0.89435,1689
E9_blend_B2_E7,cv_oof,inic,0.62099,0.66149,0.6406,0.67996,322
E9_blend_B2_E7,cv_oof,inv,0.78979,0.87652,0.83089,0.8976,1976
E9_blend_B2_E7,cv_oof,mkt,0.81081,0.86643,0.8377,0.8978,277
E9_blend_B2_E7,cv_oof,no,0.80214,0.8,0.80107,0.86451,375
E9_blend_B2_E7,cv_oof,renta,0.68137,0.72796,0.70389,0.7305,658
E9_blend_B2_E7,cv_oof,sueldo,0.68372,0.80328,0.73869,0.76647,183
E9_blend_B2_E7,cv_oof,temp,0.33333,0.49689,0.399,0.29812,161
E9b_blend_B2_E4,cv_oof,crec,0.52991,0.60311,0.56415,0.57975,514
E9b_blend_B2_E4,cv_oof,cred,0.7602,0.81421,0.78628,0.86625,366
E9b_blend_B2_E4,cv_oof,equ,0.8125,0.85435,0.8329,0.90107,1689
E9b_blend_B2_E4,cv_oof,inic,0.61413,0.70186,0.65507,0.70707,322
E9b_blend_B2_E4,cv_oof,inv,0.79652,0.87955,0.83598,0.9004,1976
E9b_blend_B2_E4,cv_oof,mkt,0.81164,0.8556,0.83304,0.91127,277
E9b_blend_B2_E4,cv_oof,no,0.79452,0.77333,0.78378,0.86243,375
E9b_blend_B2_E4,cv_oof,renta,0.65455,0.76596,0.70588,0.74762,658
E9b_blend_B2_E4,cv_oof,sueldo,0.68396,0.79235,0.73418,0.78878,183
E9b_blend_B2_E4,cv_oof,temp,0.39247,0.45342,0.42075,0.35209,161
E9b_blend_B2_E4,test,crec,0.58654,0.69318,0.63542,0.69725,88
E9b_blend_B2_E4,test,cred,0.77941,0.82812,0.80303,0.856,64
E9b_blend_B2_E4,test,equ,0.83721,0.84281,0.84,0.91172,299
E9b_blend_B2_E4,test,inic,0.65079,0.7193,0.68333,0.72757,57
E9b_blend_B2_E4,test,inv,0.79747,0.90258,0.84677,0.91103,349
E9b_blend_B2_E4,test,mkt,0.84211,0.94118,0.88889,0.96675,51
E9b_blend_B2_E4,test,no,0.83871,0.78788,0.8125,0.83639,66
E9b_blend_B2_E4,test,renta,0.63768,0.77876,0.7012,0.73852,113
E9b_blend_B2_E4,test,sueldo,0.58,0.90625,0.70732,0.75683,32
E9b_blend_B2_E4,test,temp,0.375,0.42857,0.4,0.39274,28
B2_tfidf_lr_br,test,crec,0.45,0.71591,0.55263,0.65259,88
B2_tfidf_lr_br,test,cred,0.78462,0.79688,0.7907,0.80666,64
B2_tfidf_lr_br,test,equ,0.84192,0.8194,0.83051,0.88687,299
B2_tfidf_lr_br,test,inic,0.57143,0.70175,0.62992,0.67492,57
B2_tfidf_lr_br,test,inv,0.77778,0.90258,0.83554,0.89738,349
B2_tfidf_lr_br,test,mkt,0.81356,0.94118,0.87273,0.94284,51
B2_tfidf_lr_br,test,no,0.68493,0.75758,0.71942,0.79065,66
B2_tfidf_lr_br,test,renta,0.61594,0.75221,0.67729,0.68802,113
B2_tfidf_lr_br,test,sueldo,0.575,0.71875,0.63889,0.65834,32
B2_tfidf_lr_br,test,temp,0.26531,0.46429,0.33766,0.31783,28
