experiment,eval_set,note,macro_f1,micro_f1,hamming_loss,samples_f1,pr_auc_crec,pr_auc_cred,pr_auc_equ,pr_auc_inic,pr_auc_inv,pr_auc_mkt,pr_auc_no,pr_auc_renta,pr_auc_sueldo,pr_auc_temp,temp_f1,macro_f1_ci_low,macro_f1_ci_high,temp_f1_ci_low,temp_f1_ci_high,seed,timestamp
B0_all_zeros,cv_oof,,0.0,0.0,0.11434,0.0,0.09013,0.06418,0.29616,0.05646,0.34648,0.04857,0.06575,0.11538,0.03209,0.02823,0.0,0.0,0.0,0.0,0.0,42,2026-10-02T04:28:44+00:00
B1_most_frequent,cv_oof,,0.05147,0.3233,0.14505,0.32313,0.08915,0.06286,0.29455,0.05574,0.344,0.04834,0.06517,0.11409,0.03154,0.0276,0.0,0.05013,0.05284,0.0,0.0,42,2026-10-02T04:28:44+00:00
B2_tfidf_lr_br,cv_oof,,0.67092,0.73627,0.06498,0.74825,0.51276,0.83078,0.87534,0.60284,0.88035,0.8832,0.79721,0.68431,0.72052,0.28561,0.3835,0.65901,0.68382,0.3262,0.43994,42,2026-10-02T04:28:52+00:00
B2_tfidf_lr_br__thr0.5_norules,cv_oof,,0.66441,0.7255,0.06828,0.72352,0.51276,0.83078,0.87534,0.60284,0.88035,0.8832,0.79721,0.68431,0.72052,0.28561,0.37004,0.6524,0.67561,0.31293,0.42438,42,2026-10-02T04:28:53+00:00
B2_tfidf_lr_br__tuned_norules,cv_oof,,0.66624,0.73546,0.06388,0.72583,0.51276,0.83078,0.87534,0.60284,0.88035,0.8832,0.79721,0.68431,0.72052,0.28561,0.37406,0.65395,0.67847,0.31755,0.43256,42,2026-10-02T04:28:53+00:00
B2_tfidf_lr_br__tuned_atleastone,cv_oof,,0.66788,0.73427,0.06584,0.74681,0.51276,0.83078,0.87534,0.60284,0.88035,0.8832,0.79721,0.68431,0.72052,0.28561,0.37799,0.65586,0.68027,0.32211,0.4346,42,2026-10-02T04:28:53+00:00
B2_tfidf_lr_br__tuned_noexclusive,cv_oof,,0.66937,0.73751,0.06302,0.72726,0.51276,0.83078,0.87534,0.60284,0.88035,0.8832,0.79721,0.68431,0.72052,0.28561,0.37975,0.65704,0.68156,0.32151,0.43916,42,2026-10-02T04:28:53+00:00
B3_tfidf_lr_chain,cv_oof,,0.66474,0.7353,0.06416,0.74283,0.50903,0.83473,0.87494,0.58166,0.88035,0.88017,0.78222,0.6874,0.7189,0.27319,0.37222,0.65246,0.67831,0.30903,0.43597,42,2026-10-02T04:29:03+00:00
B2_margin,cv_oof,,0.67296,0.73769,0.06463,0.74971,0.51276,0.83078,0.87534,0.60284,0.88035,0.8832,0.79721,0.68431,0.72052,0.28561,0.40098,0.6607,0.68554,0.33898,0.46155,42,2026-10-02T04:34:51+00:00
E1_e5,cv_oof,,0.58037,0.65253,0.08881,0.65145,0.37837,0.77306,0.82986,0.44952,0.82212,0.77805,0.76026,0.51113,0.58559,0.17801,0.23602,0.56839,0.59161,0.18711,0.28573,42,2026-10-02T04:52:11+00:00
E2_e5,cv_oof,,0.58305,0.65485,0.08809,0.65292,0.37335,0.77343,0.83065,0.45132,0.82229,0.77727,0.76156,0.51314,0.59125,0.18047,0.23779,0.57044,0.5938,0.18868,0.28738,42,2026-10-02T04:54:04+00:00
E3_e5,cv_oof,,0.60141,0.67163,0.08113,0.68396,0.37335,0.77343,0.83065,0.45132,0.82229,0.77727,0.76156,0.51314,0.59125,0.18047,0.25,0.58851,0.61345,0.19444,0.30887,42,2026-10-02T04:54:04+00:00
E1_mpnet,cv_oof,,0.57416,0.64034,0.09327,0.64453,0.39246,0.74414,0.7976,0.48528,0.80347,0.77756,0.77903,0.54654,0.49278,0.18816,0.28817,0.56131,0.58555,0.23764,0.34382,42,2026-10-02T04:56:35+00:00
E2_mpnet,cv_oof,,0.57315,0.64068,0.09309,0.6448,0.39454,0.74474,0.79711,0.49078,0.80179,0.77706,0.77978,0.54519,0.49499,0.19553,0.29437,0.56042,0.58462,0.24267,0.34935,42,2026-10-02T04:59:04+00:00
E3_mpnet,cv_oof,,0.58798,0.65067,0.08706,0.66401,0.39454,0.74474,0.79711,0.49078,0.80179,0.77706,0.77978,0.54519,0.49499,0.19553,0.29126,0.57404,0.60055,0.23853,0.34761,42,2026-10-02T04:59:05+00:00
B2_codebook,cv_oof,,0.66646,0.731,0.06549,0.74279,0.51503,0.82365,0.87629,0.60569,0.8771,0.86739,0.7955,0.6781,0.71923,0.30437,0.39224,0.65372,0.67911,0.33624,0.44931,42,2026-10-02T05:14:15+00:00
B2_random_split,cv_oof_rowsplit,leakage_check,0.67868,0.74107,0.06326,0.75093,0.51251,0.83336,0.87755,0.59296,0.88306,0.89455,0.80083,0.6947,0.70272,0.30859,0.41958,0.66562,0.69091,0.35681,0.48194,42,2026-10-02T05:14:25+00:00
E1_e5_C0.01,cv_oof,diagnostic,0.57904,0.65029,0.10312,0.67937,0.50571,0.85068,0.8709,0.57514,0.86247,0.86847,0.83609,0.63734,0.67631,0.27956,0.2801,0.56879,0.58856,0.24256,0.32398,42,2026-10-02T05:15:01+00:00
E1_e5_C0.1,cv_oof,diagnostic,0.60489,0.67093,0.08752,0.68009,0.44438,0.82395,0.85175,0.50498,0.84293,0.82865,0.80396,0.58569,0.65092,0.21797,0.28678,0.59349,0.61505,0.238,0.33762,42,2026-10-02T05:16:05+00:00
E1_e5_C1.0,cv_oof,diagnostic,0.58037,0.65253,0.08881,0.65145,0.37837,0.77306,0.82986,0.44952,0.82212,0.77805,0.76026,0.51113,0.58559,0.17801,0.23602,0.56839,0.59161,0.18711,0.28573,42,2026-10-02T05:17:53+00:00
E4_ft_head,cv_oof,,0.70071,0.75849,0.0575,0.77246,0.58602,0.87557,0.89734,0.67011,0.89574,0.90292,0.84818,0.73971,0.7696,0.34854,0.41,0.68792,0.71352,0.35061,0.47329,42,2026-10-02T19:47:01+00:00
E5_ft_emb_lr,cv_oof,,0.63736,0.69323,0.07493,0.7108,0.3809,0.78454,0.8192,0.47679,0.8203,0.80581,0.75749,0.58207,0.69419,0.20691,0.31963,0.62484,0.64926,0.26235,0.37644,42,2026-10-02T19:47:01+00:00
E6_hybrid_lr,cv_oof,,0.64157,0.69299,0.07622,0.71027,0.38428,0.79398,0.82553,0.50124,0.82669,0.79719,0.78301,0.59818,0.71086,0.2065,0.27087,0.62902,0.65326,0.2186,0.32138,42,2026-10-02T19:47:01+00:00
E7_hybrid_lgbm,cv_oof,,0.70213,0.75921,0.05776,0.77391,0.5724,0.87467,0.89745,0.68835,0.90037,0.89824,0.86353,0.72522,0.76156,0.26716,0.35514,0.69083,0.71453,0.29922,0.41423,42,2026-10-02T19:47:02+00:00
E8_hierarchical,cv_oof,,0.69287,0.75338,0.05855,0.76332,0.56262,0.83671,0.89151,0.6697,0.8966,0.87073,0.78301,0.7147,0.68947,0.28122,0.37746,0.67983,0.70611,0.31362,0.43893,42,2026-10-02T20:11:07+00:00
E9_blend_B2_E7,cv_oof,,0.71156,0.7659,0.0562,0.77811,0.57985,0.86579,0.89435,0.67996,0.8976,0.8978,0.86451,0.7305,0.76647,0.29812,0.399,0.69965,0.72402,0.33823,0.45687,42,2026-10-02T20:11:08+00:00
E9b_blend_B2_E4,cv_oof,,0.7152,0.77134,0.05473,0.78357,0.57975,0.86625,0.90107,0.70707,0.9004,0.91127,0.86243,0.74762,0.78878,0.35209,0.42075,0.70255,0.72661,0.35329,0.48667,42,2026-10-02T20:11:10+00:00
E9b_blend_B2_E4,test,final test,0.73185,0.78693,0.05213,0.79719,0.69725,0.856,0.91172,0.72757,0.91103,0.96675,0.83639,0.73852,0.75683,0.39274,0.4,0.70231,0.75922,0.24138,0.54839,42,2026-10-02T20:37:20+00:00
B2_tfidf_lr_br,test,final test,0.68853,0.75333,0.06184,0.7643,0.65259,0.80666,0.88687,0.67492,0.89738,0.94284,0.79065,0.68802,0.65834,0.31783,0.33766,0.65935,0.71368,0.20893,0.46345,42,2026-10-02T20:37:20+00:00
